[
  {
    "_id": "5e30f55b3ff17e186a96e7e3",
    "index": 0,
    "guid": "802825b1-c29d-4074-9623-1d6be0bcc002",
    "isActive": true,
    "balance": "$3,200.98",
    "picture": "http://placehold.it/32x32",
    "age": 40,
    "eyeColor": "green",
    "name": "Marisol Hayes",
    "gender": "female",
    "company": "VITRICOMP",
    "email": "marisolhayes@vitricomp.com",
    "phone": "+1 (814) 507-3762",
    "address": "260 Krier Place, Ona, California, 5006",
    "about": "Officia excepteur irure ex labore ipsum cupidatat est labore mollit adipisicing. Incididunt eiusmod occaecat est duis voluptate. Reprehenderit velit sunt id duis ea. Dolor nostrud irure esse do occaecat elit ex. Proident adipisicing aliquip proident in Lorem labore. Ipsum velit incididunt labore laboris aute irure. Sint ea id magna aute consequat non sint in laborum nisi elit irure nisi ad.\r\n",
    "registered": "2016-04-18T06:34:59 +05:00",
    "latitude": -26.196144,
    "longitude": 14.644676,
    "tags": [
      "enim",
      "est",
      "ut",
      "quis",
      "exercitation",
      "est",
      "culpa"
    ],
    "friends": [
      {
        "id": 0,
        "name": "Raymond Weber"
      },
      {
        "id": 1,
        "name": "Washington Pate"
      },
      {
        "id": 2,
        "name": "Valerie Knight"
      }
    ],
    "greeting": "Hello, Marisol Hayes! You have 5 unread messages.",
    "favoriteFruit": "apple"
  },
  {
    "_id": "5e30f55bdb43f0e2d5235ce4",
    "index": 1,
    "guid": "0efa98bd-5e2c-4c52-a72f-acfdfc468673",
    "isActive": false,
    "balance": "$1,955.24",
    "picture": "http://placehold.it/32x32",
    "age": 20,
    "eyeColor": "blue",
    "name": "Willa Roberts",
    "gender": "female",
    "company": "HONOTRON",
    "email": "willaroberts@honotron.com",
    "phone": "+1 (886) 533-3641",
    "address": "704 Eagle Street, Brandermill, Alabama, 3839",
    "about": "Enim cillum incididunt anim laboris ut tempor occaecat eiusmod amet. Commodo sunt esse incididunt magna aliquip fugiat duis commodo. Aliqua commodo consequat duis irure sint et ipsum esse fugiat ut non voluptate reprehenderit cupidatat. Eu deserunt deserunt aliqua cillum adipisicing eu tempor consequat. Cupidatat sunt magna irure cillum amet labore. Aute proident adipisicing Lorem nostrud dolor proident nulla qui deserunt esse.\r\n",
    "registered": "2017-10-05T09:00:22 +05:00",
    "latitude": -63.824175,
    "longitude": 40.850007,
    "tags": [
      "commodo",
      "nostrud",
      "consequat",
      "consectetur",
      "laborum",
      "pariatur",
      "voluptate"
    ],
    "friends": [
      {
        "id": 0,
        "name": "Carmella Lucas"
      },
      {
        "id": 1,
        "name": "Katina Hansen"
      },
      {
        "id": 2,
        "name": "Anne Trujillo"
      }
    ],
    "greeting": "Hello, Willa Roberts! You have 5 unread messages.",
    "favoriteFruit": "apple"
  },
  {
    "_id": "5e30f55b4d498bcb44a21b96",
    "index": 2,
    "guid": "75060074-2f86-4fe5-9e9e-09322de8e9a0",
    "isActive": false,
    "balance": "$3,025.14",
    "picture": "http://placehold.it/32x32",
    "age": 35,
    "eyeColor": "blue",
    "name": "Kerri Freeman",
    "gender": "female",
    "company": "UXMOX",
    "email": "kerrifreeman@uxmox.com",
    "phone": "+1 (811) 577-3997",
    "address": "964 Highlawn Avenue, Cresaptown, Guam, 5041",
    "about": "Ut laborum adipisicing in eiusmod officia occaecat et consequat non ipsum qui consequat. Officia labore aliquip nisi proident Lorem ipsum anim adipisicing quis. Pariatur adipisicing consectetur cupidatat ex voluptate commodo et occaecat sit. Officia pariatur ipsum mollit excepteur quis. Ea culpa eiusmod magna esse qui Lorem sit deserunt. Enim minim eiusmod nisi fugiat occaecat ut minim.\r\n",
    "registered": "2017-07-16T10:34:37 +05:00",
    "latitude": -15.498805,
    "longitude": -128.553694,
    "tags": [
      "irure",
      "minim",
      "excepteur",
      "ex",
      "consequat",
      "non",
      "aute"
    ],
    "friends": [
      {
        "id": 0,
        "name": "Morton Melendez"
      },
      {
        "id": 1,
        "name": "Tillman Aguirre"
      },
      {
        "id": 2,
        "name": "Leona Murphy"
      }
    ],
    "greeting": "Hello, Kerri Freeman! You have 3 unread messages.",
    "favoriteFruit": "apple"
  },
  {
    "_id": "5e30f55b88ccea2202d302ce",
    "index": 3,
    "guid": "d0ad9df6-e645-4909-8364-48ebf525491c",
    "isActive": false,
    "balance": "$2,237.23",
    "picture": "http://placehold.it/32x32",
    "age": 40,
    "eyeColor": "brown",
    "name": "Tanya Compton",
    "gender": "female",
    "company": "ISOPLEX",
    "email": "tanyacompton@isoplex.com",
    "phone": "+1 (975) 407-2021",
    "address": "647 Hart Street, Osage, Minnesota, 1431",
    "about": "In esse amet nulla tempor mollit ea exercitation cillum irure commodo veniam. Excepteur ea adipisicing enim sint tempor exercitation consectetur consectetur. Sit do esse est Lorem reprehenderit tempor enim labore ipsum.\r\n",
    "registered": "2014-06-17T05:39:35 +05:00",
    "latitude": 39.389809,
    "longitude": 133.875037,
    "tags": [
      "reprehenderit",
      "qui",
      "elit",
      "incididunt",
      "minim",
      "cillum",
      "ad"
    ],
    "friends": [
      {
        "id": 0,
        "name": "Estela Forbes"
      },
      {
        "id": 1,
        "name": "Chandler Barron"
      },
      {
        "id": 2,
        "name": "Mclaughlin Wood"
      }
    ],
    "greeting": "Hello, Tanya Compton! You have 4 unread messages.",
    "favoriteFruit": "banana"
  },
  {
    "_id": "5e30f55b950cf998d24e17c3",
    "index": 4,
    "guid": "cf542ca1-eec5-4731-b87f-f567da6ae9ef",
    "isActive": true,
    "balance": "$2,572.93",
    "picture": "http://placehold.it/32x32",
    "age": 37,
    "eyeColor": "green",
    "name": "Pat Dean",
    "gender": "female",
    "company": "GENMY",
    "email": "patdean@genmy.com",
    "phone": "+1 (831) 544-3178",
    "address": "472 Willoughby Avenue, Bynum, Virgin Islands, 8096",
    "about": "Cillum aliqua et ex consequat cillum exercitation aute consectetur veniam fugiat ipsum cillum quis qui. Cupidatat anim eiusmod exercitation eu aute qui qui cupidatat irure et sunt voluptate anim commodo. Elit velit veniam excepteur non anim velit mollit culpa enim ex id ipsum id. Ex aliqua ea nulla elit minim ipsum ut minim. Dolore commodo elit incididunt nostrud sit cupidatat ea elit commodo anim non proident Lorem.\r\n",
    "registered": "2017-03-09T01:14:42 +06:00",
    "latitude": 56.463414,
    "longitude": -30.353799,
    "tags": [
      "Lorem",
      "esse",
      "aute",
      "consequat",
      "duis",
      "cupidatat",
      "est"
    ],
    "friends": [
      {
        "id": 0,
        "name": "Janie Martinez"
      },
      {
        "id": 1,
        "name": "Meyer Hebert"
      },
      {
        "id": 2,
        "name": "Talley Wyatt"
      }
    ],
    "greeting": "Hello, Pat Dean! You have 6 unread messages.",
    "favoriteFruit": "apple"
  },
  {
    "_id": "5e30f55bbd64fa7a6610972b",
    "index": 5,
    "guid": "b3ce2eff-caf2-4f93-82cf-03b734b99cb4",
    "isActive": true,
    "balance": "$2,783.48",
    "picture": "http://placehold.it/32x32",
    "age": 23,
    "eyeColor": "green",
    "name": "Wagner Gonzales",
    "gender": "male",
    "company": "GOLISTIC",
    "email": "wagnergonzales@golistic.com",
    "phone": "+1 (882) 454-3206",
    "address": "528 Cheever Place, Wilmington, Montana, 855",
    "about": "Aliquip in culpa in veniam sint nostrud consequat voluptate eiusmod elit enim officia consequat Lorem. Nostrud adipisicing esse excepteur nostrud velit nisi anim cupidatat. Cupidatat deserunt ad qui ad excepteur tempor exercitation laborum. Excepteur incididunt est reprehenderit reprehenderit. Aliqua adipisicing in id velit commodo minim officia et veniam incididunt officia occaecat laborum do. Anim Lorem anim est ex mollit esse reprehenderit sit cupidatat ipsum quis amet. Aliqua velit ut eiusmod consequat eiusmod consequat labore labore enim nisi exercitation enim commodo laborum.\r\n",
    "registered": "2018-07-23T12:31:56 +05:00",
    "latitude": 19.575249,
    "longitude": -151.11028,
    "tags": [
      "magna",
      "sint",
      "ullamco",
      "adipisicing",
      "non",
      "tempor",
      "ipsum"
    ],
    "friends": [
      {
        "id": 0,
        "name": "Beryl Pennington"
      },
      {
        "id": 1,
        "name": "Katelyn Meyers"
      },
      {
        "id": 2,
        "name": "Marietta Hays"
      }
    ],
    "greeting": "Hello, Wagner Gonzales! You have 6 unread messages.",
    "favoriteFruit": "apple"
  }
]